{"cameraMode":{"drawMode":0,"name":"Shaded","section":"Shading Mode"},"sceneLighting":true,"audioPlay":false,"sceneViewState":{"m_AlwaysRefresh":false,"showFog":true,"showSkybox":true,"showFlares":true,"showImageEffects":true,"showParticleSystems":true,"showVisualEffectGraphs":true,"m_FxEnabled":true},"in2DMode":false,"pivot":{"x":-0.226800337433815,"y":1.7414665222167969,"z":-1.43264639377594},"rotation":{"x":0.10011487454175949,"y":0.039225779473781589,"z":-0.006064740940928459,"w":0.994396448135376},"size":0.02290477603673935,"orthographic":false}