{"cameraMode":{"drawMode":0,"name":"Shaded","section":"Shading Mode"},"sceneLighting":true,"audioPlay":false,"sceneViewState":{"m_AlwaysRefresh":false,"showFog":true,"showSkybox":true,"showFlares":true,"showImageEffects":true,"showParticleSystems":true,"showVisualEffectGraphs":true,"m_FxEnabled":true},"in2DMode":false,"pivot":{"x":-0.4084801971912384,"y":1.374740719795227,"z":-0.12187585234642029},"rotation":{"x":-0.14715589582920075,"y":0.6937412023544312,"z":-0.14805984497070313,"w":-0.6892276406288147},"size":0.2239590883255005,"orthographic":false}