{"cameraMode":{"drawMode":0,"name":"Shaded","section":"Shading Mode"},"sceneLighting":false,"audioPlay":false,"sceneViewState":{"m_AlwaysRefresh":false,"showFog":true,"showSkybox":false,"showFlares":true,"showImageEffects":true,"showParticleSystems":true,"showVisualEffectGraphs":true,"m_FxEnabled":true},"in2DMode":false,"pivot":{"x":-1.0169999599456788,"y":-0.6539999842643738,"z":-0.4740000069141388},"rotation":{"x":0.17476943135261537,"y":0.03869251906871796,"z":-0.006879707798361778,"w":0.9838192462921143},"size":0.8660253882408142,"orthographic":false}